subject,trialcode,response
469672453,age,27
469672453,gender,Male
637089700,age,43
637089700,gender,male
4345805,age,54
4345805,gender,Male
786441188,age,27
786441188,gender,FEMALE
510787584,age,34
510787584,gender,Female
684265529,age,19
684265529,gender,non binary
47022865,age,21
47022865,gender,Male
199802590,age,27
199802590,gender,Male
295696078,age,32
295696078,gender,Male
32034696,age,38
32034696,gender,Male
609227927,age,18
609227927,gender,Male
59367911,age,47
59367911,gender,female
386661197,age,46
386661197,gender,Male